{
  "fio version" : "fio-3.36",
  "timestamp" : 1768851053,
  "timestamp_ms" : 1768851053442,
  "time" : "Mon Jan 19 20:30:53 2026",
  "jobs" : [
    {
      "jobname" : "randwrite",
      "groupid" : 0,
      "job_start" : 1768851038403,
      "error" : 0,
      "eta" : 0,
      "elapsed" : 16,
      "job options" : {
        "name" : "randwrite",
        "directory" : "/mnt/bench",
        "filename" : "fio_test.dat",
        "size" : "2G",
        "runtime" : "15",
        "ioengine" : "libaio",
        "direct" : "1",
        "rw" : "randwrite",
        "bs" : "4K",
        "iodepth" : "1",
        "numjobs" : "1",
        "fallocate" : "none"
      },
      "read" : {
        "io_bytes" : 0,
        "io_kbytes" : 0,
        "bw_bytes" : 0,
        "bw" : 0,
        "iops" : 0.000000,
        "runtime" : 0,
        "total_ios" : 0,
        "short_ios" : 0,
        "drop_ios" : 0,
        "slat_ns" : {
          "min" : 0,
          "max" : 0,
          "mean" : 0.000000,
          "stddev" : 0.000000,
          "N" : 0
        },
        "clat_ns" : {
          "min" : 0,
          "max" : 0,
          "mean" : 0.000000,
          "stddev" : 0.000000,
          "N" : 0
        },
        "lat_ns" : {
          "min" : 0,
          "max" : 0,
          "mean" : 0.000000,
          "stddev" : 0.000000,
          "N" : 0
        },
        "bw_min" : 0,
        "bw_max" : 0,
        "bw_agg" : 0.000000,
        "bw_mean" : 0.000000,
        "bw_dev" : 0.000000,
        "bw_samples" : 0,
        "iops_min" : 0,
        "iops_max" : 0,
        "iops_mean" : 0.000000,
        "iops_stddev" : 0.000000,
        "iops_samples" : 0
      },
      "write" : {
        "io_bytes" : 1460563968,
        "io_kbytes" : 1426332,
        "bw_bytes" : 97364440,
        "bw" : 95082,
        "iops" : 23770.615292,
        "runtime" : 15001,
        "total_ios" : 356583,
        "short_ios" : 0,
        "drop_ios" : 0,
        "slat_ns" : {
          "min" : 3641,
          "max" : 162901,
          "mean" : 5018.327197,
          "stddev" : 3624.121963,
          "N" : 356583
        },
        "clat_ns" : {
          "min" : 1541,
          "max" : 149450850,
          "mean" : 36210.049240,
          "stddev" : 358423.415352,
          "N" : 356583,
          "percentile" : {
            "1.000000" : 28288,
            "5.000000" : 28544,
            "10.000000" : 28544,
            "20.000000" : 28800,
            "30.000000" : 29056,
            "40.000000" : 29056,
            "50.000000" : 29312,
            "60.000000" : 29824,
            "70.000000" : 35072,
            "80.000000" : 38656,
            "90.000000" : 42240,
            "95.000000" : 43776,
            "99.000000" : 52480,
            "99.500000" : 55552,
            "99.900000" : 134144,
            "99.950000" : 148480,
            "99.990000" : 19791872
          }
        },
        "lat_ns" : {
          "min" : 31710,
          "max" : 149456023,
          "mean" : 41228.376437,
          "stddev" : 358447.239167,
          "N" : 356583
        },
        "bw_min" : 64880,
        "bw_max" : 103888,
        "bw_agg" : 99.734482,
        "bw_mean" : 94830.068966,
        "bw_dev" : 11886.254564,
        "bw_samples" : 29,
        "iops_min" : 16220,
        "iops_max" : 25972,
        "iops_mean" : 23707.448276,
        "iops_stddev" : 2971.537500,
        "iops_samples" : 29
      },
      "trim" : {
        "io_bytes" : 0,
        "io_kbytes" : 0,
        "bw_bytes" : 0,
        "bw" : 0,
        "iops" : 0.000000,
        "runtime" : 0,
        "total_ios" : 0,
        "short_ios" : 0,
        "drop_ios" : 0,
        "slat_ns" : {
          "min" : 0,
          "max" : 0,
          "mean" : 0.000000,
          "stddev" : 0.000000,
          "N" : 0
        },
        "clat_ns" : {
          "min" : 0,
          "max" : 0,
          "mean" : 0.000000,
          "stddev" : 0.000000,
          "N" : 0
        },
        "lat_ns" : {
          "min" : 0,
          "max" : 0,
          "mean" : 0.000000,
          "stddev" : 0.000000,
          "N" : 0
        },
        "bw_min" : 0,
        "bw_max" : 0,
        "bw_agg" : 0.000000,
        "bw_mean" : 0.000000,
        "bw_dev" : 0.000000,
        "bw_samples" : 0,
        "iops_min" : 0,
        "iops_max" : 0,
        "iops_mean" : 0.000000,
        "iops_stddev" : 0.000000,
        "iops_samples" : 0
      },
      "sync" : {
        "total_ios" : 0,
        "lat_ns" : {
          "min" : 0,
          "max" : 0,
          "mean" : 0.000000,
          "stddev" : 0.000000,
          "N" : 0
        }
      },
      "job_runtime" : 15000,
      "usr_cpu" : 7.386667,
      "sys_cpu" : 16.553333,
      "ctx" : 356642,
      "majf" : 0,
      "minf" : 12,
      "iodepth_level" : {
        "1" : 100.000000,
        "2" : 0.000000,
        "4" : 0.000000,
        "8" : 0.000000,
        "16" : 0.000000,
        "32" : 0.000000,
        ">=64" : 0.000000
      },
      "iodepth_submit" : {
        "0" : 0.000000,
        "4" : 100.000000,
        "8" : 0.000000,
        "16" : 0.000000,
        "32" : 0.000000,
        "64" : 0.000000,
        ">=64" : 0.000000
      },
      "iodepth_complete" : {
        "0" : 0.000000,
        "4" : 100.000000,
        "8" : 0.000000,
        "16" : 0.000000,
        "32" : 0.000000,
        "64" : 0.000000,
        ">=64" : 0.000000
      },
      "latency_ns" : {
        "2" : 0.000000,
        "4" : 0.000000,
        "10" : 0.000000,
        "20" : 0.000000,
        "50" : 0.000000,
        "100" : 0.000000,
        "250" : 0.000000,
        "500" : 0.000000,
        "750" : 0.000000,
        "1000" : 0.000000
      },
      "latency_us" : {
        "2" : 0.010000,
        "4" : 0.000000,
        "10" : 0.000000,
        "20" : 0.140500,
        "50" : 97.270762,
        "100" : 2.388224,
        "250" : 0.178920,
        "500" : 0.010000,
        "750" : 0.010000,
        "1000" : 0.000000
      },
      "latency_ms" : {
        "2" : 0.010000,
        "4" : 0.010000,
        "10" : 0.010000,
        "20" : 0.010000,
        "50" : 0.010000,
        "100" : 0.000000,
        "250" : 0.010000,
        "500" : 0.000000,
        "750" : 0.000000,
        "1000" : 0.000000,
        "2000" : 0.000000,
        ">=2000" : 0.000000
      },
      "latency_depth" : 1,
      "latency_target" : 0,
      "latency_percentile" : 100.000000,
      "latency_window" : 0
    }
  ],
  "disk_util" : [
    {
      "name" : "sda",
      "read_ios" : 0,
      "write_ios" : 353764,
      "read_sectors" : 0,
      "write_sectors" : 2830208,
      "read_merges" : 0,
      "write_merges" : 11,
      "read_ticks" : 0,
      "write_ticks" : 11643,
      "in_queue" : 11658,
      "util" : 76.124383
    }
  ]
}
