{
  "fio version" : "fio-3.36",
  "timestamp" : 1768851022,
  "timestamp_ms" : 1768851022791,
  "time" : "Mon Jan 19 20:30:22 2026",
  "jobs" : [
    {
      "jobname" : "randread",
      "groupid" : 0,
      "job_start" : 1768851007755,
      "error" : 0,
      "eta" : 0,
      "elapsed" : 16,
      "job options" : {
        "name" : "randread",
        "directory" : "/mnt/bench",
        "filename" : "fio_test.dat",
        "size" : "2G",
        "runtime" : "15",
        "ioengine" : "libaio",
        "direct" : "1",
        "rw" : "randread",
        "bs" : "4K",
        "iodepth" : "1",
        "numjobs" : "1",
        "fallocate" : "none"
      },
      "read" : {
        "io_bytes" : 372834304,
        "io_kbytes" : 364096,
        "bw_bytes" : 24853963,
        "bw" : 24271,
        "iops" : 6067.862143,
        "runtime" : 15001,
        "total_ios" : 91024,
        "short_ios" : 0,
        "drop_ios" : 0,
        "slat_ns" : {
          "min" : 3555,
          "max" : 40472,
          "mean" : 9453.456989,
          "stddev" : 7800.337510,
          "N" : 91024
        },
        "clat_ns" : {
          "min" : 92829,
          "max" : 43465234,
          "mean" : 154058.914737,
          "stddev" : 209095.120381,
          "N" : 91024,
          "percentile" : {
            "1.000000" : 107008,
            "5.000000" : 107008,
            "10.000000" : 108032,
            "20.000000" : 108032,
            "30.000000" : 109056,
            "40.000000" : 109056,
            "50.000000" : 110080,
            "60.000000" : 111104,
            "70.000000" : 203776,
            "80.000000" : 240640,
            "90.000000" : 242688,
            "95.000000" : 244736,
            "99.000000" : 254976,
            "99.500000" : 261120,
            "99.900000" : 280576,
            "99.950000" : 284672,
            "99.990000" : 391168
          }
        },
        "lat_ns" : {
          "min" : 108475,
          "max" : 43470646,
          "mean" : 163512.371726,
          "stddev" : 211099.529701,
          "N" : 91024
        },
        "bw_min" : 15880,
        "bw_max" : 35152,
        "bw_agg" : 100.000000,
        "bw_mean" : 24568.827586,
        "bw_dev" : 8519.055708,
        "bw_samples" : 29,
        "iops_min" : 3970,
        "iops_max" : 8788,
        "iops_mean" : 6142.275862,
        "iops_stddev" : 2129.696539,
        "iops_samples" : 29
      },
      "write" : {
        "io_bytes" : 0,
        "io_kbytes" : 0,
        "bw_bytes" : 0,
        "bw" : 0,
        "iops" : 0.000000,
        "runtime" : 0,
        "total_ios" : 0,
        "short_ios" : 0,
        "drop_ios" : 0,
        "slat_ns" : {
          "min" : 0,
          "max" : 0,
          "mean" : 0.000000,
          "stddev" : 0.000000,
          "N" : 0
        },
        "clat_ns" : {
          "min" : 0,
          "max" : 0,
          "mean" : 0.000000,
          "stddev" : 0.000000,
          "N" : 0
        },
        "lat_ns" : {
          "min" : 0,
          "max" : 0,
          "mean" : 0.000000,
          "stddev" : 0.000000,
          "N" : 0
        },
        "bw_min" : 0,
        "bw_max" : 0,
        "bw_agg" : 0.000000,
        "bw_mean" : 0.000000,
        "bw_dev" : 0.000000,
        "bw_samples" : 0,
        "iops_min" : 0,
        "iops_max" : 0,
        "iops_mean" : 0.000000,
        "iops_stddev" : 0.000000,
        "iops_samples" : 0
      },
      "trim" : {
        "io_bytes" : 0,
        "io_kbytes" : 0,
        "bw_bytes" : 0,
        "bw" : 0,
        "iops" : 0.000000,
        "runtime" : 0,
        "total_ios" : 0,
        "short_ios" : 0,
        "drop_ios" : 0,
        "slat_ns" : {
          "min" : 0,
          "max" : 0,
          "mean" : 0.000000,
          "stddev" : 0.000000,
          "N" : 0
        },
        "clat_ns" : {
          "min" : 0,
          "max" : 0,
          "mean" : 0.000000,
          "stddev" : 0.000000,
          "N" : 0
        },
        "lat_ns" : {
          "min" : 0,
          "max" : 0,
          "mean" : 0.000000,
          "stddev" : 0.000000,
          "N" : 0
        },
        "bw_min" : 0,
        "bw_max" : 0,
        "bw_agg" : 0.000000,
        "bw_mean" : 0.000000,
        "bw_dev" : 0.000000,
        "bw_samples" : 0,
        "iops_min" : 0,
        "iops_max" : 0,
        "iops_mean" : 0.000000,
        "iops_stddev" : 0.000000,
        "iops_samples" : 0
      },
      "sync" : {
        "total_ios" : 0,
        "lat_ns" : {
          "min" : 0,
          "max" : 0,
          "mean" : 0.000000,
          "stddev" : 0.000000,
          "N" : 0
        }
      },
      "job_runtime" : 15000,
      "usr_cpu" : 3.226667,
      "sys_cpu" : 7.280000,
      "ctx" : 91024,
      "majf" : 0,
      "minf" : 13,
      "iodepth_level" : {
        "1" : 100.000000,
        "2" : 0.000000,
        "4" : 0.000000,
        "8" : 0.000000,
        "16" : 0.000000,
        "32" : 0.000000,
        ">=64" : 0.000000
      },
      "iodepth_submit" : {
        "0" : 0.000000,
        "4" : 100.000000,
        "8" : 0.000000,
        "16" : 0.000000,
        "32" : 0.000000,
        "64" : 0.000000,
        ">=64" : 0.000000
      },
      "iodepth_complete" : {
        "0" : 0.000000,
        "4" : 100.000000,
        "8" : 0.000000,
        "16" : 0.000000,
        "32" : 0.000000,
        "64" : 0.000000,
        ">=64" : 0.000000
      },
      "latency_ns" : {
        "2" : 0.000000,
        "4" : 0.000000,
        "10" : 0.000000,
        "20" : 0.000000,
        "50" : 0.000000,
        "100" : 0.000000,
        "250" : 0.000000,
        "500" : 0.000000,
        "750" : 0.000000,
        "1000" : 0.000000
      },
      "latency_us" : {
        "2" : 0.000000,
        "4" : 0.000000,
        "10" : 0.000000,
        "20" : 0.000000,
        "50" : 0.000000,
        "100" : 0.029663,
        "250" : 97.744551,
        "500" : 2.222491,
        "750" : 0.010000,
        "1000" : 0.000000
      },
      "latency_ms" : {
        "2" : 0.000000,
        "4" : 0.000000,
        "10" : 0.000000,
        "20" : 0.000000,
        "50" : 0.010000,
        "100" : 0.000000,
        "250" : 0.000000,
        "500" : 0.000000,
        "750" : 0.000000,
        "1000" : 0.000000,
        "2000" : 0.000000,
        ">=2000" : 0.000000
      },
      "latency_depth" : 1,
      "latency_target" : 0,
      "latency_percentile" : 100.000000,
      "latency_window" : 0
    }
  ],
  "disk_util" : [
    {
      "name" : "sda",
      "read_ios" : 90589,
      "write_ios" : 31,
      "read_sectors" : 724712,
      "write_sectors" : 448,
      "read_merges" : 0,
      "write_merges" : 25,
      "read_ticks" : 12738,
      "write_ticks" : 52,
      "in_queue" : 12836,
      "util" : 80.328306
    }
  ]
}
