{
  "fio version" : "fio-3.36",
  "timestamp" : 1768851007,
  "timestamp_ms" : 1768851007467,
  "time" : "Mon Jan 19 20:30:07 2026",
  "jobs" : [
    {
      "jobname" : "seqread",
      "groupid" : 0,
      "job_start" : 1768850992432,
      "error" : 0,
      "eta" : 0,
      "elapsed" : 16,
      "job options" : {
        "name" : "seqread",
        "directory" : "/mnt/bench",
        "filename" : "fio_test.dat",
        "size" : "2G",
        "runtime" : "15",
        "ioengine" : "libaio",
        "direct" : "1",
        "rw" : "read",
        "bs" : "4K",
        "iodepth" : "1",
        "numjobs" : "1",
        "fallocate" : "none"
      },
      "read" : {
        "io_bytes" : 2133344256,
        "io_kbytes" : 2083344,
        "bw_bytes" : 142213469,
        "bw" : 138880,
        "iops" : 34720.085328,
        "runtime" : 15001,
        "total_ios" : 520836,
        "short_ios" : 0,
        "drop_ios" : 0,
        "slat_ns" : {
          "min" : 3460,
          "max" : 110934,
          "mean" : 3916.726701,
          "stddev" : 1460.290694,
          "N" : 520836
        },
        "clat_ns" : {
          "min" : 1500,
          "max" : 42500145,
          "mean" : 24377.774843,
          "stddev" : 185038.829560,
          "N" : 520836,
          "percentile" : {
            "1.000000" : 21888,
            "5.000000" : 22144,
            "10.000000" : 22144,
            "20.000000" : 22400,
            "30.000000" : 22400,
            "40.000000" : 22400,
            "50.000000" : 22400,
            "60.000000" : 22656,
            "70.000000" : 22656,
            "80.000000" : 22656,
            "90.000000" : 22912,
            "95.000000" : 24192,
            "99.000000" : 36096,
            "99.500000" : 45824,
            "99.900000" : 238592,
            "99.950000" : 242688,
            "99.990000" : 296960
          }
        },
        "lat_ns" : {
          "min" : 24853,
          "max" : 42510162,
          "mean" : 28294.501544,
          "stddev" : 185101.593777,
          "N" : 520836
        },
        "bw_min" : 116488,
        "bw_max" : 148120,
        "bw_agg" : 99.813983,
        "bw_mean" : 138622.344828,
        "bw_dev" : 9097.229564,
        "bw_samples" : 29,
        "iops_min" : 29122,
        "iops_max" : 37030,
        "iops_mean" : 34655.586207,
        "iops_stddev" : 2274.307391,
        "iops_samples" : 29
      },
      "write" : {
        "io_bytes" : 0,
        "io_kbytes" : 0,
        "bw_bytes" : 0,
        "bw" : 0,
        "iops" : 0.000000,
        "runtime" : 0,
        "total_ios" : 0,
        "short_ios" : 0,
        "drop_ios" : 0,
        "slat_ns" : {
          "min" : 0,
          "max" : 0,
          "mean" : 0.000000,
          "stddev" : 0.000000,
          "N" : 0
        },
        "clat_ns" : {
          "min" : 0,
          "max" : 0,
          "mean" : 0.000000,
          "stddev" : 0.000000,
          "N" : 0
        },
        "lat_ns" : {
          "min" : 0,
          "max" : 0,
          "mean" : 0.000000,
          "stddev" : 0.000000,
          "N" : 0
        },
        "bw_min" : 0,
        "bw_max" : 0,
        "bw_agg" : 0.000000,
        "bw_mean" : 0.000000,
        "bw_dev" : 0.000000,
        "bw_samples" : 0,
        "iops_min" : 0,
        "iops_max" : 0,
        "iops_mean" : 0.000000,
        "iops_stddev" : 0.000000,
        "iops_samples" : 0
      },
      "trim" : {
        "io_bytes" : 0,
        "io_kbytes" : 0,
        "bw_bytes" : 0,
        "bw" : 0,
        "iops" : 0.000000,
        "runtime" : 0,
        "total_ios" : 0,
        "short_ios" : 0,
        "drop_ios" : 0,
        "slat_ns" : {
          "min" : 0,
          "max" : 0,
          "mean" : 0.000000,
          "stddev" : 0.000000,
          "N" : 0
        },
        "clat_ns" : {
          "min" : 0,
          "max" : 0,
          "mean" : 0.000000,
          "stddev" : 0.000000,
          "N" : 0
        },
        "lat_ns" : {
          "min" : 0,
          "max" : 0,
          "mean" : 0.000000,
          "stddev" : 0.000000,
          "N" : 0
        },
        "bw_min" : 0,
        "bw_max" : 0,
        "bw_agg" : 0.000000,
        "bw_mean" : 0.000000,
        "bw_dev" : 0.000000,
        "bw_samples" : 0,
        "iops_min" : 0,
        "iops_max" : 0,
        "iops_mean" : 0.000000,
        "iops_stddev" : 0.000000,
        "iops_samples" : 0
      },
      "sync" : {
        "total_ios" : 0,
        "lat_ns" : {
          "min" : 0,
          "max" : 0,
          "mean" : 0.000000,
          "stddev" : 0.000000,
          "N" : 0
        }
      },
      "job_runtime" : 15000,
      "usr_cpu" : 7.826667,
      "sys_cpu" : 20.526667,
      "ctx" : 520883,
      "majf" : 0,
      "minf" : 15,
      "iodepth_level" : {
        "1" : 100.000000,
        "2" : 0.000000,
        "4" : 0.000000,
        "8" : 0.000000,
        "16" : 0.000000,
        "32" : 0.000000,
        ">=64" : 0.000000
      },
      "iodepth_submit" : {
        "0" : 0.000000,
        "4" : 100.000000,
        "8" : 0.000000,
        "16" : 0.000000,
        "32" : 0.000000,
        "64" : 0.000000,
        ">=64" : 0.000000
      },
      "iodepth_complete" : {
        "0" : 0.000000,
        "4" : 100.000000,
        "8" : 0.000000,
        "16" : 0.000000,
        "32" : 0.000000,
        "64" : 0.000000,
        ">=64" : 0.000000
      },
      "latency_ns" : {
        "2" : 0.000000,
        "4" : 0.000000,
        "10" : 0.000000,
        "20" : 0.000000,
        "50" : 0.000000,
        "100" : 0.000000,
        "250" : 0.000000,
        "500" : 0.000000,
        "750" : 0.000000,
        "1000" : 0.000000
      },
      "latency_us" : {
        "2" : 0.010000,
        "4" : 0.000000,
        "10" : 0.010000,
        "20" : 0.085632,
        "50" : 99.479107,
        "100" : 0.085056,
        "250" : 0.322750,
        "500" : 0.019968,
        "750" : 0.010000,
        "1000" : 0.000000
      },
      "latency_ms" : {
        "2" : 0.010000,
        "4" : 0.000000,
        "10" : 0.000000,
        "20" : 0.000000,
        "50" : 0.010000,
        "100" : 0.000000,
        "250" : 0.000000,
        "500" : 0.000000,
        "750" : 0.000000,
        "1000" : 0.000000,
        "2000" : 0.000000,
        ">=2000" : 0.000000
      },
      "latency_depth" : 1,
      "latency_target" : 0,
      "latency_percentile" : 100.000000,
      "latency_window" : 0
    }
  ],
  "disk_util" : [
    {
      "name" : "sda",
      "read_ios" : 515480,
      "write_ios" : 16,
      "read_sectors" : 4123840,
      "write_sectors" : 248,
      "read_merges" : 0,
      "write_merges" : 15,
      "read_ticks" : 12113,
      "write_ticks" : 133,
      "in_queue" : 12377,
      "util" : 78.254181
    }
  ]
}
