{
  "fio version" : "fio-3.36",
  "timestamp" : 1768851038,
  "timestamp_ms" : 1768851038115,
  "time" : "Mon Jan 19 20:30:38 2026",
  "jobs" : [
    {
      "jobname" : "seqwrite",
      "groupid" : 0,
      "job_start" : 1768851023077,
      "error" : 0,
      "eta" : 0,
      "elapsed" : 16,
      "job options" : {
        "name" : "seqwrite",
        "directory" : "/mnt/bench",
        "filename" : "fio_test.dat",
        "size" : "2G",
        "runtime" : "15",
        "ioengine" : "libaio",
        "direct" : "1",
        "rw" : "write",
        "bs" : "4K",
        "iodepth" : "1",
        "numjobs" : "1",
        "fallocate" : "none"
      },
      "read" : {
        "io_bytes" : 0,
        "io_kbytes" : 0,
        "bw_bytes" : 0,
        "bw" : 0,
        "iops" : 0.000000,
        "runtime" : 0,
        "total_ios" : 0,
        "short_ios" : 0,
        "drop_ios" : 0,
        "slat_ns" : {
          "min" : 0,
          "max" : 0,
          "mean" : 0.000000,
          "stddev" : 0.000000,
          "N" : 0
        },
        "clat_ns" : {
          "min" : 0,
          "max" : 0,
          "mean" : 0.000000,
          "stddev" : 0.000000,
          "N" : 0
        },
        "lat_ns" : {
          "min" : 0,
          "max" : 0,
          "mean" : 0.000000,
          "stddev" : 0.000000,
          "N" : 0
        },
        "bw_min" : 0,
        "bw_max" : 0,
        "bw_agg" : 0.000000,
        "bw_mean" : 0.000000,
        "bw_dev" : 0.000000,
        "bw_samples" : 0,
        "iops_min" : 0,
        "iops_max" : 0,
        "iops_mean" : 0.000000,
        "iops_stddev" : 0.000000,
        "iops_samples" : 0
      },
      "write" : {
        "io_bytes" : 1709510656,
        "io_kbytes" : 1669444,
        "bw_bytes" : 113959779,
        "bw" : 111288,
        "iops" : 27822.211853,
        "runtime" : 15001,
        "total_ios" : 417361,
        "short_ios" : 0,
        "drop_ios" : 0,
        "slat_ns" : {
          "min" : 3680,
          "max" : 1108559,
          "mean" : 4767.491709,
          "stddev" : 3526.455916,
          "N" : 417361
        },
        "clat_ns" : {
          "min" : 1526,
          "max" : 151647485,
          "mean" : 30611.958115,
          "stddev" : 259980.590729,
          "N" : 417361,
          "percentile" : {
            "1.000000" : 25472,
            "5.000000" : 25728,
            "10.000000" : 25728,
            "20.000000" : 25728,
            "30.000000" : 25984,
            "40.000000" : 26240,
            "50.000000" : 26496,
            "60.000000" : 26496,
            "70.000000" : 27008,
            "80.000000" : 36096,
            "90.000000" : 39168,
            "95.000000" : 39680,
            "99.000000" : 49920,
            "99.500000" : 51968,
            "99.900000" : 117248,
            "99.950000" : 138240,
            "99.990000" : 1433600
          }
        },
        "lat_ns" : {
          "min" : 28560,
          "max" : 151651489,
          "mean" : 35379.449824,
          "stddev" : 260015.358955,
          "N" : 417361
        },
        "bw_min" : 66536,
        "bw_max" : 115728,
        "bw_agg" : 99.950717,
        "bw_mean" : 111234.758621,
        "bw_dev" : 9397.981613,
        "bw_samples" : 29,
        "iops_min" : 16634,
        "iops_max" : 28932,
        "iops_mean" : 27808.689655,
        "iops_stddev" : 2349.495403,
        "iops_samples" : 29
      },
      "trim" : {
        "io_bytes" : 0,
        "io_kbytes" : 0,
        "bw_bytes" : 0,
        "bw" : 0,
        "iops" : 0.000000,
        "runtime" : 0,
        "total_ios" : 0,
        "short_ios" : 0,
        "drop_ios" : 0,
        "slat_ns" : {
          "min" : 0,
          "max" : 0,
          "mean" : 0.000000,
          "stddev" : 0.000000,
          "N" : 0
        },
        "clat_ns" : {
          "min" : 0,
          "max" : 0,
          "mean" : 0.000000,
          "stddev" : 0.000000,
          "N" : 0
        },
        "lat_ns" : {
          "min" : 0,
          "max" : 0,
          "mean" : 0.000000,
          "stddev" : 0.000000,
          "N" : 0
        },
        "bw_min" : 0,
        "bw_max" : 0,
        "bw_agg" : 0.000000,
        "bw_mean" : 0.000000,
        "bw_dev" : 0.000000,
        "bw_samples" : 0,
        "iops_min" : 0,
        "iops_max" : 0,
        "iops_mean" : 0.000000,
        "iops_stddev" : 0.000000,
        "iops_samples" : 0
      },
      "sync" : {
        "total_ios" : 0,
        "lat_ns" : {
          "min" : 0,
          "max" : 0,
          "mean" : 0.000000,
          "stddev" : 0.000000,
          "N" : 0
        }
      },
      "job_runtime" : 15000,
      "usr_cpu" : 7.553333,
      "sys_cpu" : 18.186667,
      "ctx" : 417394,
      "majf" : 0,
      "minf" : 13,
      "iodepth_level" : {
        "1" : 100.000000,
        "2" : 0.000000,
        "4" : 0.000000,
        "8" : 0.000000,
        "16" : 0.000000,
        "32" : 0.000000,
        ">=64" : 0.000000
      },
      "iodepth_submit" : {
        "0" : 0.000000,
        "4" : 100.000000,
        "8" : 0.000000,
        "16" : 0.000000,
        "32" : 0.000000,
        "64" : 0.000000,
        ">=64" : 0.000000
      },
      "iodepth_complete" : {
        "0" : 0.000000,
        "4" : 100.000000,
        "8" : 0.000000,
        "16" : 0.000000,
        "32" : 0.000000,
        "64" : 0.000000,
        ">=64" : 0.000000
      },
      "latency_ns" : {
        "2" : 0.000000,
        "4" : 0.000000,
        "10" : 0.000000,
        "20" : 0.000000,
        "50" : 0.000000,
        "100" : 0.000000,
        "250" : 0.000000,
        "500" : 0.000000,
        "750" : 0.000000,
        "1000" : 0.000000
      },
      "latency_us" : {
        "2" : 0.010000,
        "4" : 0.010000,
        "10" : 0.010000,
        "20" : 0.167241,
        "50" : 98.855667,
        "100" : 0.852739,
        "250" : 0.105664,
        "500" : 0.010000,
        "750" : 0.000000,
        "1000" : 0.010000
      },
      "latency_ms" : {
        "2" : 0.010000,
        "4" : 0.010000,
        "10" : 0.000000,
        "20" : 0.010000,
        "50" : 0.010000,
        "100" : 0.000000,
        "250" : 0.010000,
        "500" : 0.000000,
        "750" : 0.000000,
        "1000" : 0.000000,
        "2000" : 0.000000,
        ">=2000" : 0.000000
      },
      "latency_depth" : 1,
      "latency_target" : 0,
      "latency_percentile" : 100.000000,
      "latency_window" : 0
    }
  ],
  "disk_util" : [
    {
      "name" : "sda",
      "read_ios" : 0,
      "write_ios" : 414290,
      "read_sectors" : 0,
      "write_sectors" : 3314696,
      "read_merges" : 0,
      "write_merges" : 26,
      "read_ticks" : 0,
      "write_ticks" : 11516,
      "in_queue" : 11526,
      "util" : 75.860689
    }
  ]
}
